,,,WholeSaler Stock As On Today(in MT)
S.No,State,District,Dealer Id,Agency Name,Dealer Type,Dealership Nature,Company,Plant,Product,Stock,Stock Date
1,Maharashtra,Ahmednagar,1152836,ASHIRWAD KRUSHI SEVA KENDRA-DH,WHOLESALER,Private Wholsaler,KRIBHCO,KRIBHCO Hazira,Neem Coated Urea(45 Kg),1.8,2024-01-11,
2,Maharashtra,Ahmednagar,1152836,ASHIRWAD KRUSHI SEVA KENDRA-DH,WHOLESALER,Private Wholsaler,KRIBHCO,KRIBHCO Import,Imported MAP,6.5,2024-01-11,
3,Maharashtra,Ahmednagar,185428,Pravara Phale Bhajipala Utpada,WHOLESALER,District Cooperative Marketing Society,KRIBHCO,KRIBHCO Import,Imported MAP,15.0,2024-01-11,
4,Maharashtra,Ahmednagar,185450,Sangamner Shetki Sah. Sangh,WHOLESALER,District Cooperative Marketing Society,KRIBHCO,KRIBHCO Import,Imported 20-20-0-13,27.0,2024-01-11,
5,Maharashtra,Ahmednagar,185450,Sangamner Shetki Sah. Sangh,WHOLESALER,District Cooperative Marketing Society,KRIBHCO,KRIBHCO Import,Imported MAP,40.0,2024-01-11,
6,Maharashtra,Ahmednagar,741460,UJJAWALA AGRO FERTILIZERS,WHOLESALER,Private Wholsaler,KRIBHCO,KRIBHCO Import,Imported MAP,25.0,2024-01-11,
7,Maharashtra,Ahmednagar,542651,Yogesh Fertilizer-Sangamner,WHOLESALER,Private Wholsaler,KRIBHCO,KRIBHCO Import,Imported MAP,2.5,2024-01-11,
8,Maharashtra,Akola,337291,Mahaveer Krishi Seva Kendra,WHOLESALER,Private Wholsaler,KRIBHCO,KRIBHCO Hazira,Neem Coated Urea(45 Kg),12.15,2024-01-11,
9,Maharashtra,Akola,337291,Mahaveer Krishi Seva Kendra,WHOLESALER,Private Wholsaler,KRIBHCO,KRIBHCO Import,Imported 15-15-15,11.5,2024-01-11,
10,Maharashtra,Amravati,201442,Anand Krushi Kendra Badnera,WHOLESALER,Private Wholsaler,KRIBHCO,KRIBHCO Hazira,Neem Coated Urea(45 Kg),8.9,2024-01-11,
11,Maharashtra,Amravati,201480,Krishi Anand Amravati,WHOLESALER,Private Wholsaler,KRIBHCO,KRIBHCO Hazira,Neem Coated Urea(45 Kg),1.8,2024-01-11,
12,Maharashtra,Amravati,201480,Krishi Anand Amravati,WHOLESALER,Private Wholsaler,KRIBHCO,KRIBHCO Import,Imported MAP,15.0,2024-01-11,
13,Maharashtra,Amravati,255791,M/S.Shri Bhumi Kalpataru Amrav,WHOLESALER,Private Wholsaler,KRIBHCO,KRIBHCO Hazira,Neem Coated Urea(45 Kg),30.15,2024-01-11,
14,Maharashtra,Amravati,438106,Ramdeo Traders ,WHOLESALER,Private Wholsaler,KRIBHCO,KRIBHCO Hazira,Neem Coated Urea(45 Kg),78.21,2024-01-11,
15,Maharashtra,Amravati,438106,Ramdeo Traders ,WHOLESALER,Private Wholsaler,KRIBHCO,KRIBHCO Import,Imported 10-26-26,3.0,2024-01-11,
16,Maharashtra,Amravati,438106,Ramdeo Traders ,WHOLESALER,Private Wholsaler,KRIBHCO,KRIBHCO Import,Imported Neem Coated Urea(45 Kg),39.375,2024-01-11,
17,Maharashtra,Amravati,201530,Shah Somchand Khimji And Compa,WHOLESALER,Private Wholsaler,KRIBHCO,KRIBHCO Hazira,Neem Coated Urea(45 Kg),18.0,2024-01-11,
18,Maharashtra,Amravati,201552,The Vidarbha Co Op Marketing F,WHOLESALER,District Cooperative Marketing Society,KRIBHCO,KRIBHCO Import,Imported 20-20-0-13,0.05,2024-01-11,
19,Maharashtra,Aurangabad,207467,Arihant Krushi Seva Kendra  La,WHOLESALER,Private Wholsaler,KRIBHCO,KRIBHCO Import,Imported 20-20-0-13,14.5,2024-01-11,
20,Maharashtra,Aurangabad,553162,Krushi Seva Kendra  Soygaon,WHOLESALER,Private Wholsaler,KRIBHCO,KRIBHCO Hazira,Neem Coated Urea(45 Kg),8.01,2024-01-11,
21,Maharashtra,Aurangabad,559952,Navratna Fertilizers,WHOLESALER,Private Wholsaler,KRIBHCO,KRIBHCO Import,Imported 10-26-26,3.55,2024-01-11,
22,Maharashtra,Bhandara,221762,Adarsh Agro Service Centre,WHOLESALER,State Marketing Federation,KRIBHCO,KRIBHCO Hazira,Neem Coated Urea(45 Kg),5.4,2024-01-11,
23,Maharashtra,Bhandara,212566,Gayatri Enterprices Main Raod ,WHOLESALER,Private Wholsaler,KRIBHCO,KRIBHCO Hazira,Neem Coated Urea(45 Kg),9.9,2024-01-11,
24,Maharashtra,Bhandara,1248399,Mangesh Krishi Kendra Pahela,WHOLESALER,Private Wholsaler,KRIBHCO,KRIBHCO Hazira,Neem Coated Urea(45 Kg),19.8,2024-01-11,
25,Maharashtra,Bhandara,530144,Mohadi Agro Agency  Mohadi,WHOLESALER,Private Wholsaler,KRIBHCO,KRIBHCO Hazira,Neem Coated Urea(45 Kg),6.3,2024-01-11,
26,Maharashtra,Bhandara,215109,Sadguru K.K.,WHOLESALER,Private Wholsaler,KRIBHCO,KRIBHCO Hazira,Neem Coated Urea(45 Kg),8.1,2024-01-11,
27,Maharashtra,Bhandara,221751,Vaibhav Krishi Kendra  Bhandar,WHOLESALER,Private Wholsaler,KRIBHCO,KRIBHCO Hazira,Neem Coated Urea(45 Kg),19.8,2024-01-11,
28,Maharashtra,Bhandara,221759,Vidharbh Coop Mktg Fed. Ltd  B,WHOLESALER,State Marketing Federation,KRIBHCO,KRIBHCO Hazira,Neem Coated Urea(45 Kg),5.4,2024-01-11,
29,Maharashtra,Buldhana,206346, Adarsh Seeds  Company,WHOLESALER,Private Wholsaler,KRIBHCO,KRIBHCO Import,Imported 10-26-26,15.0,2024-01-11,
30,Maharashtra,Buldhana,206354,Buldhana Bhu.Au.S Buldhana.,WHOLESALER,District Cooperative Marketing Society,KRIBHCO,KRIBHCO Import,Imported 10-26-26,5.0,2024-01-11,
31,Maharashtra,Buldhana,206354,Buldhana Bhu.Au.S Buldhana.,WHOLESALER,District Cooperative Marketing Society,KRIBHCO,KRIBHCO Import,Imported 15-15-15,5.0,2024-01-11,
32,Maharashtra,Buldhana,206362,Dipeeka Krishi Kendra,WHOLESALER,Private Wholsaler,KRIBHCO,KRIBHCO Hazira,Neem Coated Urea(45 Kg),29.25,2024-01-11,
33,Maharashtra,Buldhana,324601,Jain Krishi Kendra,WHOLESALER,Private Wholsaler,KRIBHCO,KRIBHCO Import,Imported 10-26-26,1.0,2024-01-11,
34,Maharashtra,Buldhana,557108,SOMESHWAR B.U.SHETKARI SANSTHA,WHOLESALER,District Cooperative Marketing Society,KRIBHCO,KRIBHCO Hazira,Neem Coated Urea(45 Kg),762.66,2024-01-11,
35,Maharashtra,Buldhana,557108,SOMESHWAR B.U.SHETKARI SANSTHA,WHOLESALER,District Cooperative Marketing Society,KRIBHCO,KRIBHCO Import,Imported MAP,2.15,2024-01-11,
36,Maharashtra,Buldhana,1229335,SRI BALAJI FARMERS WELFARE A.S,WHOLESALER,Private Wholsaler,KRIBHCO,KRIBHCO Hazira,Neem Coated Urea(45 Kg),42.48,2024-01-11,
37,Maharashtra,Buldhana,1229335,SRI BALAJI FARMERS WELFARE A.S,WHOLESALER,Private Wholsaler,KRIBHCO,KRIBHCO Import,Imported 15-15-15,0.55,2024-01-11,
38,Maharashtra,Buldhana,1229335,SRI BALAJI FARMERS WELFARE A.S,WHOLESALER,Private Wholsaler,KRIBHCO,KRIBHCO Import,Imported MAP,18.0,2024-01-11,
39,Maharashtra,Chandrapur,214328,Balaji K.Kendra Bramhapuri,WHOLESALER,Private Wholsaler,KRIBHCO,KRIBHCO Hazira,Neem Coated Urea(45 Kg),7.65,2024-01-11,
40,Maharashtra,Chandrapur,214328,Balaji K.Kendra Bramhapuri,WHOLESALER,Private Wholsaler,KRIBHCO,KRIBHCO Import,Imported 20-20-0-13,5.45,2024-01-11,
41,Maharashtra,Chandrapur,214892,Bharat Krishi Kendra Gondpipri,WHOLESALER,Private Wholsaler,KRIBHCO,KRIBHCO Hazira,Neem Coated Urea(45 Kg),14.25,2024-01-11,
42,Maharashtra,Chandrapur,255786,Chandak Agro Centre Rajura,WHOLESALER,Private Wholsaler,KRIBHCO,KRIBHCO Hazira,Neem Coated Urea(45 Kg),7.85,2024-01-11,
43,Maharashtra,Chandrapur,214888,Dipak Krishi Kendra Bramhapuri,WHOLESALER,Private Wholsaler,KRIBHCO,KRIBHCO Hazira,Neem Coated Urea(45 Kg),88.875,2024-01-11,
44,Maharashtra,Chandrapur,262843,Kishor Kk  Bhisi,WHOLESALER,Private Wholsaler,KRIBHCO,KRIBHCO Hazira,Neem Coated Urea(45 Kg),33.3,2024-01-11,
45,Maharashtra,Dhule,346232,Gopal Agro Agencies,WHOLESALER,Private Wholsaler,KRIBHCO,KRIBHCO Hazira,Neem Coated Urea(45 Kg),14.3,2024-01-11,
46,Maharashtra,Dhule,735478,GOYAL TRADING COMPANY DHULE,WHOLESALER,Private Wholsaler,KRIBHCO,KRIBHCO Hazira,Neem Coated Urea(45 Kg),49.86,2024-01-11,
47,Maharashtra,Dhule,375247,Janki Agro Services,WHOLESALER,Private Wholsaler,KRIBHCO,KRIBHCO Hazira,Neem Coated Urea(45 Kg),19.89,2024-01-11,
48,Maharashtra,Dhule,370673,Krushi Vaibhav,WHOLESALER,Private Wholsaler,KRIBHCO,KRIBHCO Hazira,Neem Coated Urea(45 Kg),14.85,2024-01-11,
49,Maharashtra,Dhule,118115,Shantilal Lalchand,WHOLESALER,Private Wholsaler,KRIBHCO,KRIBHCO Import,Imported 20-20-0-13,2.95,2024-01-11,
50,Maharashtra,Dhule,118115,Shantilal Lalchand,WHOLESALER,Private Wholsaler,KRIBHCO,KRIBHCO Import,Imported 10-26-26,3.0,2024-01-11,
51,Maharashtra,Dhule,118123,Shree Krushi Vikas Kendra,WHOLESALER,State Marketing Federation,KRIBHCO,KRIBHCO Hazira,Neem Coated Urea(45 Kg),25.2,2024-01-11,
52,Maharashtra,Gadchiroli,222443,Kanhaiya Traders,WHOLESALER,Private Wholsaler,KRIBHCO,KRIBHCO Hazira,Neem Coated Urea(45 Kg),0.675,2024-01-11,
53,Maharashtra,Gadchiroli,306088,Lahari Krushi Kendra,WHOLESALER,Private Wholsaler,KRIBHCO,KRIBHCO Hazira,Neem Coated Urea(45 Kg),15.3,2024-01-11,
54,Maharashtra,Gadchiroli,306088,Lahari Krushi Kendra,WHOLESALER,Private Wholsaler,KRIBHCO,KRIBHCO Import,Imported 20-20-0-13,43.75,2024-01-11,
55,Maharashtra,Gadchiroli,647043,MADHUKARRAO R.PULLURWAR AGRO M,WHOLESALER,Private Wholsaler,KRIBHCO,KRIBHCO Hazira,Neem Coated Urea(45 Kg),4.05,2024-01-11,
56,Maharashtra,Gadchiroli,222448,Maharashtra Krushi Kendra,WHOLESALER,Private Wholsaler,KRIBHCO,KRIBHCO Hazira,Neem Coated Urea(45 Kg),64.35,2024-01-11,
57,Maharashtra,Gadchiroli,435086,Nakade  Krishi Kendra,WHOLESALER,Private Wholsaler,KRIBHCO,KRIBHCO Hazira,Neem Coated Urea(45 Kg),29.7,2024-01-11,
58,Maharashtra,Gadchiroli,435086,Nakade  Krishi Kendra,WHOLESALER,Private Wholsaler,KRIBHCO,KRIBHCO Import,Imported 20-20-0-13,4.5,2024-01-11,
59,Maharashtra,Gadchiroli,222440,Shetakari Krushi Kendra,WHOLESALER,Private Wholsaler,KRIBHCO,KRIBHCO Hazira,Neem Coated Urea(45 Kg),36.45,2024-01-11,
60,Maharashtra,Gadchiroli,222440,Shetakari Krushi Kendra,WHOLESALER,Private Wholsaler,KRIBHCO,KRIBHCO Import,Imported 20-20-0-13,21.2,2024-01-11,
61,Maharashtra,Gondia,212269,Deepani Krishi Kendra  Tiroda,WHOLESALER,Private Wholsaler,KRIBHCO,KRIBHCO Hazira,Neem Coated Urea(45 Kg),4.05,2024-01-11,
62,Maharashtra,Gondia,528745,Goyal Krishi Kendra Tiroda,WHOLESALER,Private Wholsaler,KRIBHCO,KRIBHCO Hazira,Neem Coated Urea(45 Kg),45.0,2024-01-11,
63,Maharashtra,Gondia,211864,Jai Ambe Traders  Sadak Arjuni,WHOLESALER,Private Wholsaler,KRIBHCO,KRIBHCO Hazira,Neem Coated Urea(45 Kg),25.2,2024-01-11,
64,Maharashtra,Gondia,259145,Krishi Vikas Kendra  Gondia,WHOLESALER,Private Wholsaler,KRIBHCO,KRIBHCO Hazira,Neem Coated Urea(45 Kg),17.55,2024-01-11,
65,Maharashtra,Gondia,213387,Mukta Krishi Kendra  Gondia,WHOLESALER,Private Wholsaler,KRIBHCO,KRIBHCO Hazira,Neem Coated Urea(45 Kg),8.64,2024-01-11,
66,Maharashtra,Gondia,413448,Parmaka Trading Company,WHOLESALER,Private Wholsaler,KRIBHCO,KRIBHCO Hazira,Neem Coated Urea(45 Kg),2.25,2024-01-11,
67,Maharashtra,Gondia,222501,Puglia Enterprises  Navegaon B,WHOLESALER,Private Wholsaler,KRIBHCO,KRIBHCO Hazira,Neem Coated Urea(45 Kg),70.2,2024-01-11,
68,Maharashtra,Gondia,1211534,SACHIN KRUSHI KENDRA MAHAGAON ,WHOLESALER,Private Wholsaler,KRIBHCO,KRIBHCO Hazira,Neem Coated Urea(45 Kg),8.1,2024-01-11,
69,Maharashtra,Hingoli,1340334,GREEN AGREVOLUTION PRIVATE LTD,WHOLESALER,Private Wholsaler,KRIBHCO,KRIBHCO Import,Imported 15-15-15,17.0,2024-01-11,
70,Maharashtra,Jalgaon,104366,Anup Krushi Sewa Ke,WHOLESALER,Private Wholsaler,KRIBHCO,KRIBHCO Import,Imported 15-15-15,3.0,2024-01-11,
71,Maharashtra,Jalgaon,104464,Laxminarayan Krushi Agencies,WHOLESALER,Private Wholsaler,KRIBHCO,KRIBHCO Import,Imported 15-15-15,5.0,2024-01-11,
72,Maharashtra,Jalgaon,104464,Laxminarayan Krushi Agencies,WHOLESALER,Private Wholsaler,KRIBHCO,KRIBHCO Import,Imported MAP,5.0,2024-01-11,
73,Maharashtra,Jalgaon,104474,Mahavir Krishi Seva Kendra,WHOLESALER,Private Wholsaler,KRIBHCO,KRIBHCO Import,Imported 15-15-15,11.0,2024-01-11,
74,Maharashtra,Jalgaon,276563,Sanghavi Krushi Seva Kendra,WHOLESALER,Private Wholsaler,KRIBHCO,KRIBHCO Import,Imported 10-26-26,10.0,2024-01-11,
75,Maharashtra,Jalgaon,1275590,SANGHAVI TRADING COMPANY,WHOLESALER,Private Wholsaler,KRIBHCO,KRIBHCO Hazira,Neem Coated Urea(45 Kg),370.35,2024-01-11,
76,Maharashtra,Jalgaon,1275590,SANGHAVI TRADING COMPANY,WHOLESALER,Private Wholsaler,KRIBHCO,KRIBHCO Import,Imported Neem Coated Urea(45 Kg),191.725,2024-01-11,
77,Maharashtra,Jalgaon,1275590,SANGHAVI TRADING COMPANY,WHOLESALER,Private Wholsaler,KRIBHCO,KRIBHCO Import,Imported MAP,21.0,2024-01-11,
78,Maharashtra,Jalgaon,1275590,SANGHAVI TRADING COMPANY,WHOLESALER,Private Wholsaler,KRIBHCO,KRIBHCO Import,Imported 20-20-0-13,13.85,2024-01-11,
79,Maharashtra,Jalgaon,1275590,SANGHAVI TRADING COMPANY,WHOLESALER,Private Wholsaler,KRIBHCO,KRIBHCO Import,Imported 10-26-26,16.75,2024-01-11,
80,Maharashtra,Jalgaon,1275590,SANGHAVI TRADING COMPANY,WHOLESALER,Private Wholsaler,KRIBHCO,KRIBHCO Import,Imported 15-15-15,41.85,2024-01-11,
81,Maharashtra,Jalgaon,104546,Sanghvi Trading Co.,WHOLESALER,Private Wholsaler,KRIBHCO,KRIBHCO Import,Imported Neem Coated Urea(45 Kg),4.475,2024-01-11,
82,Maharashtra,Jalgaon,104598,Vijay Agro Centre,WHOLESALER,Private Wholsaler,KRIBHCO,KRIBHCO Import,Imported Neem Coated Urea(45 Kg),5.175,2024-01-11,
83,Maharashtra,Jalgaon,104604,Vishnu Ksk,WHOLESALER,District Cooperative Marketing Society,KRIBHCO,KRIBHCO Hazira,Neem Coated Urea(45 Kg),20.025,2024-01-11,
84,Maharashtra,Jalgaon,104604,Vishnu Ksk,WHOLESALER,District Cooperative Marketing Society,KRIBHCO,KRIBHCO Import,Imported MAP,5.0,2024-01-11,
85,Maharashtra,Jalgaon,104604,Vishnu Ksk,WHOLESALER,District Cooperative Marketing Society,KRIBHCO,KRIBHCO Import,Imported 10-26-26,6.9,2024-01-11,
86,Maharashtra,Jalgaon,104604,Vishnu Ksk,WHOLESALER,District Cooperative Marketing Society,KRIBHCO,KRIBHCO Import,Imported Neem Coated Urea(45 Kg),7.035,2024-01-11,
87,Maharashtra,Jalna,459049,R K Babu Trading Private Ltd,WHOLESALER,Private Wholsaler,KRIBHCO,KRIBHCO Hazira,Neem Coated Urea(45 Kg),0.016,2024-01-11,
88,Maharashtra,Jalna,459049,R K Babu Trading Private Ltd,WHOLESALER,Private Wholsaler,KRIBHCO,KRIBHCO Import,Imported DAP,15.65,2024-01-11,
89,Maharashtra,Jalna,459049,R K Babu Trading Private Ltd,WHOLESALER,Private Wholsaler,KRIBHCO,KRIBHCO Import,Imported 20-20-0-13,27.7,2024-01-11,
90,Maharashtra,Jalna,293534, Shetakari Krishi Seva Kendra.,WHOLESALER,Private Wholsaler,KRIBHCO,KRIBHCO Hazira,Neem Coated Urea(45 Kg),5.94,2024-01-11,
91,Maharashtra,Jalna,222646,Vinayak Krishi  Kendra ,WHOLESALER,Private Wholsaler,KRIBHCO,KRIBHCO Import,Imported DAP,13.0,2024-01-11,
92,Maharashtra,Jalna,222646,Vinayak Krishi  Kendra ,WHOLESALER,Private Wholsaler,KRIBHCO,KRIBHCO Import,Imported 20-20-0-13,4.7,2024-01-11,
93,Maharashtra,Jalna,222646,Vinayak Krishi  Kendra ,WHOLESALER,Private Wholsaler,KRIBHCO,KRIBHCO Import,Imported 10-26-26,4.75,2024-01-11,
94,Maharashtra,Kolhapur,1227723,ANNAPPA FERTILIZERS STATE,WHOLESALER,Private Wholsaler,KRIBHCO,KRIBHCO Hazira,Neem Coated Urea(45 Kg),54.45,2024-01-11,
95,Maharashtra,Kolhapur,245172, Deeplaxmi Seeds And Fertilise,WHOLESALER,Private Wholsaler,KRIBHCO,KRIBHCO Hazira,Neem Coated Urea(45 Kg),15.975,2024-01-11,
96,Maharashtra,Kolhapur,245175,Hatkanangle Tal.S.K.V.Sangh Ltd.,WHOLESALER,District Cooperative Marketing Society,KRIBHCO,KRIBHCO Hazira,Neem Coated Urea(45 Kg),47.125,2024-01-11,
97,Maharashtra,Kolhapur,245175,Hatkanangle Tal.S.K.V.Sangh Ltd.,WHOLESALER,District Cooperative Marketing Society,KRIBHCO,KRIBHCO Import,Imported 10-26-26,12.55,2024-01-11,
98,Maharashtra,Kolhapur,245175,Hatkanangle Tal.S.K.V.Sangh Ltd.,WHOLESALER,District Cooperative Marketing Society,KRIBHCO,KRIBHCO Import,Imported 12-32-16,13.1,2024-01-11,
99,Maharashtra,Kolhapur,245175,Hatkanangle Tal.S.K.V.Sangh Ltd.,WHOLESALER,District Cooperative Marketing Society,KRIBHCO,KRIBHCO Import,Imported DAP,3.0,2024-01-11,
100,Maharashtra,Kolhapur,463053,Jambhali Khora Ksk,WHOLESALER,Private Wholsaler,KRIBHCO,KRIBHCO Hazira,Neem Coated Urea(45 Kg),24.435,2024-01-11,
101,Maharashtra,Kolhapur,463053,Jambhali Khora Ksk,WHOLESALER,Private Wholsaler,KRIBHCO,KRIBHCO Import,Imported 10-26-26,2.5,2024-01-11,
102,Maharashtra,Kolhapur,448248,Krushna Godavari Kbbuvvss Ltd,WHOLESALER,Private Wholsaler,KRIBHCO,KRIBHCO Hazira,Neem Coated Urea(45 Kg),291.78,2024-01-11,
103,Maharashtra,Kolhapur,554679,Krushna Godavari K Bbuvvssltd,WHOLESALER,Private Wholsaler,KRIBHCO,KRIBHCO Hazira,Neem Coated Urea(45 Kg),16.965,2024-01-11,
104,Maharashtra,Kolhapur,554679,Krushna Godavari K Bbuvvssltd,WHOLESALER,Private Wholsaler,KRIBHCO,KRIBHCO Import,Imported 15-15-15,9.5,2024-01-11,
105,Maharashtra,Kolhapur,554679,Krushna Godavari K Bbuvvssltd,WHOLESALER,Private Wholsaler,KRIBHCO,KRIBHCO Import,Imported 10-26-26,1.0,2024-01-11,
106,Maharashtra,Kolhapur,245216,Mahalaxmi Fertilisers,WHOLESALER,Private Wholsaler,KRIBHCO,KRIBHCO Hazira,Neem Coated Urea(45 Kg),56.015,2024-01-11,
107,Maharashtra,Kolhapur,245216,Mahalaxmi Fertilisers,WHOLESALER,Private Wholsaler,KRIBHCO,KRIBHCO Import,Imported 15-15-15,1.5,2024-01-11,
108,Maharashtra,Kolhapur,288519,M.A.I.D.C,WHOLESALER,District Cooperative Marketing Society,KRIBHCO,KRIBHCO Hazira,Neem Coated Urea(45 Kg),12.15,2024-01-11,
109,Maharashtra,Kolhapur,497217,Parsewar Fertilisers&Chemicals,WHOLESALER,Private Wholsaler,KRIBHCO,KRIBHCO Hazira,Neem Coated Urea(45 Kg),29.61,2024-01-11,
110,Maharashtra,Kolhapur,245223,Rayat Seva Krishi Udyog Sahaka,WHOLESALER,District Cooperative Marketing Society,KRIBHCO,KRIBHCO Hazira,Neem Coated Urea(45 Kg),109.35,2024-01-11,
111,Maharashtra,Kolhapur,1227837,SAMARTH AGRO INDUSTRIES BHAMTE,WHOLESALER,District Cooperative Marketing Society,KRIBHCO,KRIBHCO Hazira,Neem Coated Urea(45 Kg),12.15,2024-01-11,
112,Maharashtra,Kolhapur,1077930,SANMATI FERTILIZERS,WHOLESALER,Private Wholsaler,KRIBHCO,KRIBHCO Hazira,Neem Coated Urea(45 Kg),109.8,2024-01-11,
113,Maharashtra,Kolhapur,1077930,SANMATI FERTILIZERS,WHOLESALER,Private Wholsaler,KRIBHCO,KRIBHCO Import,Imported 15-15-15,12.0,2024-01-11,
114,Maharashtra,Kolhapur,245231,Shetakari SahakariSangh Br Kolhapur,WHOLESALER,District Cooperative Marketing Society,KRIBHCO,KRIBHCO Hazira,Neem Coated Urea(45 Kg),18.9,2024-01-11,
115,Maharashtra,Kolhapur,245231,Shetakari SahakariSangh Br Kolhapur,WHOLESALER,District Cooperative Marketing Society,KRIBHCO,KRIBHCO Import,Imported 10-26-26,4.5,2024-01-11,
116,Maharashtra,Kolhapur,1268951,SHREE GURUDATTA AGRO VAKARE,WHOLESALER,Private Wholsaler,KRIBHCO,KRIBHCO Hazira,Neem Coated Urea(45 Kg),0.015,2024-01-11,
117,Maharashtra,Kolhapur,1268951,SHREE GURUDATTA AGRO VAKARE,WHOLESALER,Private Wholsaler,KRIBHCO,KRIBHCO Import,Imported MAP,10.0,2024-01-11,
118,Maharashtra,Kolhapur,1268951,SHREE GURUDATTA AGRO VAKARE,WHOLESALER,Private Wholsaler,KRIBHCO,KRIBHCO Import,Imported 15-15-15,10.0,2024-01-11,
119,Maharashtra,Kolhapur,199566,Shri Bhogvati Sahakari Kharedi,WHOLESALER,District Cooperative Marketing Society,KRIBHCO,KRIBHCO Hazira,Neem Coated Urea(45 Kg),75.44,2024-01-11,
120,Maharashtra,Kolhapur,199566,Shri Bhogvati Sahakari Kharedi,WHOLESALER,District Cooperative Marketing Society,KRIBHCO,KRIBHCO Import,Imported MAP,5.0,2024-01-11,
121,Maharashtra,Kolhapur,939317,Shri Datta Shetkari Sah sakhar,WHOLESALER,District Cooperative Marketing Society,KRIBHCO,KRIBHCO Hazira,Neem Coated Urea(45 Kg),93.855,2024-01-11,
122,Maharashtra,Kolhapur,199576,Shri Hari Ramaji Patil V K S (,WHOLESALER,District Cooperative Marketing Society,KRIBHCO,KRIBHCO Import,Imported 10-26-26,1.0,2024-01-11,
123,Maharashtra,Kolhapur,1134636,YASHODHAN KSK  CHANDUR,WHOLESALER,Private Wholsaler,KRIBHCO,KRIBHCO Hazira,Neem Coated Urea(45 Kg),12.825,2024-01-11,
124,Maharashtra,Kolhapur,1393193,YASHWANT SAH TAL KVS PORLE,WHOLESALER,District Cooperative Marketing Society,KRIBHCO,KRIBHCO Hazira,Neem Coated Urea(45 Kg),7.65,2024-01-11,
125,Maharashtra,Kolhapur,245279,Yashwant T S K V S Ltd,WHOLESALER,District Cooperative Marketing Society,KRIBHCO,KRIBHCO Hazira,Neem Coated Urea(45 Kg),2.025,2024-01-11,
126,Maharashtra,Kolhapur,245279,Yashwant T S K V S Ltd,WHOLESALER,District Cooperative Marketing Society,KRIBHCO,KRIBHCO Import,Imported 10-26-26,13.0,2024-01-11,
127,Maharashtra,Latur,1150892,AKSHAY FERTILIZER,WHOLESALER,Private Wholsaler,KRIBHCO,KRIBHCO Hazira,Neem Coated Urea(45 Kg),9.955,2024-01-11,
128,Maharashtra,Nagpur,276767,Vcmf Branch Nagpur,WHOLESALER,District Cooperative Marketing Society,KRIBHCO,KRIBHCO Hazira,Neem Coated Urea(45 Kg),4.95,2024-01-11,
129,Maharashtra,Nanded,177172,Agarwal Ksk  Nanded,WHOLESALER,Private Wholsaler,KRIBHCO,KRIBHCO Hazira,Neem Coated Urea(45 Kg),50.071,2024-01-11,
130,Maharashtra,Nanded,177172,Agarwal Ksk  Nanded,WHOLESALER,Private Wholsaler,KRIBHCO,KRIBHCO Import,Imported MAP,42.0,2024-01-11,
131,Maharashtra,Nanded,177172,Agarwal Ksk  Nanded,WHOLESALER,Private Wholsaler,KRIBHCO,KRIBHCO Import,Imported 10-26-26,10.0,2024-01-11,
132,Maharashtra,Nanded,177172,Agarwal Ksk  Nanded,WHOLESALER,Private Wholsaler,KRIBHCO,KRIBHCO Import,Imported 15-15-15,10.0,2024-01-11,
133,Maharashtra,Nanded,1150894,Akshay Fertilizer Nanded,WHOLESALER,Private Wholsaler,KRIBHCO,KRIBHCO Import,Imported MAP,9.0,2024-01-11,
134,Maharashtra,Nanded,542647,Anand S.U.S.S.K.V.S.S.M.Nanded,WHOLESALER,PACS,KRIBHCO,KRIBHCO Hazira,Neem Coated Urea(45 Kg),20.115,2024-01-11,
135,Maharashtra,Nanded,334908,Hadoltikar Krushi Seva Kendra ,WHOLESALER,Private Wholsaler,KRIBHCO,KRIBHCO Hazira,Neem Coated Urea(45 Kg),0.03,2024-01-11,
136,Maharashtra,Nanded,554775,Kailash Fertilizers,WHOLESALER,Private Wholsaler,KRIBHCO,KRIBHCO Hazira,Neem Coated Urea(45 Kg),175.14,2024-01-11,
137,Maharashtra,Nanded,554775,Kailash Fertilizers,WHOLESALER,Private Wholsaler,KRIBHCO,KRIBHCO Import,Imported 20-20-0-13,13.5,2024-01-11,
138,Maharashtra,Nanded,554775,Kailash Fertilizers,WHOLESALER,Private Wholsaler,KRIBHCO,KRIBHCO Import,Imported 15-15-15,15.0,2024-01-11,
139,Maharashtra,Nanded,1122175,Laxmikant fertilizers,WHOLESALER,Private Wholsaler,KRIBHCO,KRIBHCO Import,Imported Neem Coated Urea(45 Kg),25.09,2024-01-11,
140,Maharashtra,Nanded,177318,Mamde Fertilizers Degloor,WHOLESALER,Private Wholsaler,KRIBHCO,KRIBHCO Hazira,Neem Coated Urea(45 Kg),20.025,2024-01-11,
141,Maharashtra,Nanded,557048,MAMDE KRISHI SEWA KENDRA NANDE,WHOLESALER,Private Wholsaler,KRIBHCO,KRIBHCO Hazira,Neem Coated Urea(45 Kg),0.265,2024-01-11,
142,Maharashtra,Nanded,557048,MAMDE KRISHI SEWA KENDRA NANDE,WHOLESALER,Private Wholsaler,KRIBHCO,KRIBHCO Import,Imported 10-26-26,21.8,2024-01-11,
143,Maharashtra,Nanded,557048,MAMDE KRISHI SEWA KENDRA NANDE,WHOLESALER,Private Wholsaler,KRIBHCO,KRIBHCO Import,Imported 20-20-0-13,13.75,2024-01-11,
144,Maharashtra,Nanded,589137,PARSEWAR AND COMPANY NANDED,WHOLESALER,Private Wholsaler,KRIBHCO,KRIBHCO Hazira,Neem Coated Urea(45 Kg),56.475,2024-01-11,
145,Maharashtra,Nanded,589137,PARSEWAR AND COMPANY NANDED,WHOLESALER,Private Wholsaler,KRIBHCO,KRIBHCO Import,Imported 15-15-15,16.0,2024-01-11,
146,Maharashtra,Nanded,589137,PARSEWAR AND COMPANY NANDED,WHOLESALER,Private Wholsaler,KRIBHCO,KRIBHCO Import,MOP,1.1,2024-01-11,
147,Maharashtra,Nanded,589137,PARSEWAR AND COMPANY NANDED,WHOLESALER,Private Wholsaler,KRIBHCO,KRIBHCO Import,Imported MAP,10.2,2024-01-11,
148,Maharashtra,Nanded,589137,PARSEWAR AND COMPANY NANDED,WHOLESALER,Private Wholsaler,KRIBHCO,KRIBHCO Import,Imported 20-20-0-13,15.05,2024-01-11,
149,Maharashtra,Nanded,177368,Pradeep Trading Company Niwgha,WHOLESALER,Private Wholsaler,KRIBHCO,KRIBHCO Hazira,Neem Coated Urea(45 Kg),12.015,2024-01-11,
150,Maharashtra,Nanded,177381,SAIKRUPA KVK NANDED,WHOLESALER,Private Wholsaler,KRIBHCO,KRIBHCO Import,Imported 15-15-15,10.0,2024-01-11,
151,Maharashtra,Nanded,319566,Santkrupa Jaivik Khate Udpadak & Purvatha S.S.Ltd,WHOLESALER,PACS,KRIBHCO,KRIBHCO Hazira,Neem Coated Urea(45 Kg),6.03,2024-01-11,
152,Maharashtra,Nanded,319566,Santkrupa Jaivik Khate Udpadak & Purvatha S.S.Ltd,WHOLESALER,PACS,KRIBHCO,KRIBHCO Import,Imported MAP,1.0,2024-01-11,
153,Maharashtra,Nanded,592448,SHRIRAM FERTILIZER  NANDED,WHOLESALER,Other,KRIBHCO,KRIBHCO Hazira,Neem Coated Urea(45 Kg),60.075,2024-01-11,
154,Maharashtra,Nanded,592448,SHRIRAM FERTILIZER  NANDED,WHOLESALER,Other,KRIBHCO,KRIBHCO Import,Imported MAP,20.0,2024-01-11,
155,Maharashtra,Nanded,313035,Sunil Krushi Seva Kendra Mukhe,WHOLESALER,Private Wholsaler,KRIBHCO,KRIBHCO Import,Imported 20-20-0-13,30.0,2024-01-11,
156,Maharashtra,Nanded,557973,VISHAL AGENCIES NANDED,WHOLESALER,Private Wholsaler,KRIBHCO,KRIBHCO Hazira,Neem Coated Urea(45 Kg),102.195,2024-01-11,
157,Maharashtra,Nanded,557973,VISHAL AGENCIES NANDED,WHOLESALER,Private Wholsaler,KRIBHCO,KRIBHCO Import,Imported 12-32-16,0.65,2024-01-11,
158,Maharashtra,Nanded,557973,VISHAL AGENCIES NANDED,WHOLESALER,Private Wholsaler,KRIBHCO,KRIBHCO Import,Imported 10-26-26,12.0,2024-01-11,
159,Maharashtra,Nanded,557973,VISHAL AGENCIES NANDED,WHOLESALER,Private Wholsaler,KRIBHCO,KRIBHCO Import,Imported 15-15-15,15.0,2024-01-11,
160,Maharashtra,Nandurbar,605105,JAI MATADI FERTILIZER,WHOLESALER,Private Wholsaler,KRIBHCO,KRIBHCO Hazira,Neem Coated Urea(45 Kg),18.0,2024-01-11,
161,Maharashtra,Nandurbar,118380,Shree Ganesh Agencies,WHOLESALER,State Marketing Federation,KRIBHCO,KRIBHCO Hazira,Neem Coated Urea(45 Kg),14.58,2024-01-11,
162,Maharashtra,Nandurbar,118384,Shree Shyam Agencies Pvt Ltd,WHOLESALER,Private Wholsaler,KRIBHCO,KRIBHCO Hazira,Neem Coated Urea(45 Kg),22.5,2024-01-11,
163,Maharashtra,Nandurbar,118398,T.F.Merchant,WHOLESALER,Private Wholsaler,KRIBHCO,KRIBHCO Hazira,Neem Coated Urea(45 Kg),82.89,2024-01-11,
164,Maharashtra,Nashik,166619,Aditya Krishi Agencies,WHOLESALER,Private Wholsaler,KRIBHCO,KRIBHCO Hazira,Neem Coated Urea(45 Kg),14.7,2024-01-11,
165,Maharashtra,Nashik,223444,Amol Sheti Udyog Pvt Ltd,WHOLESALER,Private Wholsaler,KRIBHCO,KRIBHCO Hazira,Neem Coated Urea(45 Kg),14.85,2024-01-11,
166,Maharashtra,Nashik,344182,Balaji Krushi Seva Kendra,WHOLESALER,Private Wholsaler,KRIBHCO,KRIBHCO Hazira,Neem Coated Urea(45 Kg),248.4,2024-01-11,
167,Maharashtra,Nashik,344182,Balaji Krushi Seva Kendra,WHOLESALER,Private Wholsaler,KRIBHCO,KRIBHCO Import,Imported Neem Coated Urea(45 Kg),125.93,2024-01-11,
168,Maharashtra,Nashik,344182,Balaji Krushi Seva Kendra,WHOLESALER,Private Wholsaler,KRIBHCO,KRIBHCO Import,Imported 15-15-15,24.0,2024-01-11,
169,Maharashtra,Nashik,344182,Balaji Krushi Seva Kendra,WHOLESALER,Private Wholsaler,KRIBHCO,KRIBHCO Import,Imported 10-26-26,20.0,2024-01-11,
170,Maharashtra,Nashik,533144,Bhushan Fertilizers - Umrane,WHOLESALER,Private Wholsaler,KRIBHCO,KRIBHCO Import,Imported Neem Coated Urea(45 Kg),17.55,2024-01-11,
171,Maharashtra,Nashik,223804,Gaurav Krishi Seva Kendra (N. ,WHOLESALER,Private Wholsaler,KRIBHCO,KRIBHCO Hazira,Neem Coated Urea(45 Kg),7.2,2024-01-11,
172,Maharashtra,Nashik,166689,Girna Krushi Agency,WHOLESALER,Private Wholsaler,KRIBHCO,KRIBHCO Hazira,Neem Coated Urea(45 Kg),12.15,2024-01-11,
173,Maharashtra,Nashik,1180666,Gurudatta Fertilizers,WHOLESALER,Private Wholsaler,KRIBHCO,KRIBHCO Hazira,Neem Coated Urea(45 Kg),3.6,2024-01-11,
174,Maharashtra,Nashik,1180666,Gurudatta Fertilizers,WHOLESALER,Private Wholsaler,KRIBHCO,KRIBHCO Import,Imported Neem Coated Urea(45 Kg),2.1,2024-01-11,
175,Maharashtra,Nashik,223806,Jadhav AND Company CHANDWAD,WHOLESALER,Private Wholsaler,KRIBHCO,KRIBHCO Import,Imported 15-15-15,0.15,2024-01-11,
176,Maharashtra,Nashik,166705,Jay Yogeshwar Krishi Seva Kend,WHOLESALER,Private Wholsaler,KRIBHCO,KRIBHCO Hazira,Neem Coated Urea(45 Kg),25.58,2024-01-11,
177,Maharashtra,Nashik,166705,Jay Yogeshwar Krishi Seva Kend,WHOLESALER,Private Wholsaler,KRIBHCO,KRIBHCO Import,Imported 10-26-26,5.5,2024-01-11,
178,Maharashtra,Nashik,166705,Jay Yogeshwar Krishi Seva Kend,WHOLESALER,Private Wholsaler,KRIBHCO,KRIBHCO Import,Imported MAP,9.0,2024-01-11,
179,Maharashtra,Nashik,166715,Kalwan Taluka Bahuuddeshiya Se,WHOLESALER,PACS,KRIBHCO,KRIBHCO Hazira,Neem Coated Urea(45 Kg),57.33,2024-01-11,
180,Maharashtra,Nashik,166715,Kalwan Taluka Bahuuddeshiya Se,WHOLESALER,PACS,KRIBHCO,KRIBHCO Import,Imported 15-15-15,3.0,2024-01-11,
181,Maharashtra,Nashik,223442,Lalwani Krishi Seva Kendra,WHOLESALER,Private Wholsaler,KRIBHCO,KRIBHCO Import,Imported 15-15-15,0.25,2024-01-11,
182,Maharashtra,Nashik,642416,MAULI AGRO CLINIC & AGRO CONSU,WHOLESALER,Private Wholsaler,KRIBHCO,KRIBHCO Import,Imported 15-15-15,6.0,2024-01-11,
183,Maharashtra,Nashik,166768,Nashik Jilha Kanda Batata Utpa,WHOLESALER,District Cooperative Marketing Society,KRIBHCO,KRIBHCO Hazira,Neem Coated Urea(45 Kg),19.125,2024-01-11,
184,Maharashtra,Nashik,166772,Nashik Taluka Shetkari Sahakar,WHOLESALER,District Cooperative Marketing Society,KRIBHCO,KRIBHCO Hazira,Neem Coated Urea(45 Kg),22.275,2024-01-11,
185,Maharashtra,Nashik,166772,Nashik Taluka Shetkari Sahakar,WHOLESALER,District Cooperative Marketing Society,KRIBHCO,KRIBHCO Import,Imported 10-26-26,8.0,2024-01-11,
186,Maharashtra,Nashik,166774,Navnath Krishi Seva Kendra,WHOLESALER,Private Wholsaler,KRIBHCO,KRIBHCO Hazira,Neem Coated Urea(45 Kg),14.85,2024-01-11,
187,Maharashtra,Nashik,647977,NIFAD TALUKA SHETIMAL VIKRI ,WHOLESALER,PACS,KRIBHCO,KRIBHCO Import,Imported 15-15-15,43.0,2024-01-11,
188,Maharashtra,Nashik,166794,Patel Agencies,WHOLESALER,Private Wholsaler,KRIBHCO,KRIBHCO Import,Imported 10-26-26,10.25,2024-01-11,
189,Maharashtra,Nashik,166794,Patel Agencies,WHOLESALER,Private Wholsaler,KRIBHCO,KRIBHCO Import,Imported Neem Coated Urea(45 Kg),2.15,2024-01-11,
190,Maharashtra,Nashik,166812,Rajendra Fertilizer,WHOLESALER,Private Wholsaler,KRIBHCO,KRIBHCO Hazira,Neem Coated Urea(45 Kg),9.585,2024-01-11,
191,Maharashtra,Nashik,166812,Rajendra Fertilizer,WHOLESALER,Private Wholsaler,KRIBHCO,KRIBHCO Import,Imported Neem Coated Urea(45 Kg),95.85,2024-01-11,
192,Maharashtra,Nashik,166822,Sachin Agencies,WHOLESALER,Private Wholsaler,KRIBHCO,KRIBHCO Import,Imported 10-26-26,15.65,2024-01-11,
193,Maharashtra,Nashik,166822,Sachin Agencies,WHOLESALER,Private Wholsaler,KRIBHCO,KRIBHCO Import,Imported 20-20-0-13,4.0,2024-01-11,
194,Maharashtra,Nashik,166824,Sachin Fertilizers,WHOLESALER,Private Wholsaler,KRIBHCO,KRIBHCO Hazira,Neem Coated Urea(45 Kg),50.0,2024-01-11,
195,Maharashtra,Nashik,166858,Shri Dwarka Agencies,WHOLESALER,Private Wholsaler,KRIBHCO,KRIBHCO Hazira,Neem Coated Urea(45 Kg),14.85,2024-01-11,
196,Maharashtra,Nashik,166858,Shri Dwarka Agencies,WHOLESALER,Private Wholsaler,KRIBHCO,KRIBHCO Import,Imported Neem Coated Urea(45 Kg),7.425,2024-01-11,
197,Maharashtra,Nashik,166858,Shri Dwarka Agencies,WHOLESALER,Private Wholsaler,KRIBHCO,KRIBHCO Import,Imported 20-20-0-13,10.0,2024-01-11,
198,Maharashtra,Nashik,166858,Shri Dwarka Agencies,WHOLESALER,Private Wholsaler,KRIBHCO,KRIBHCO Import,Imported MAP,5.0,2024-01-11,
199,Maharashtra,Nashik,211565,The Maharashtra Agro Industrie,WHOLESALER,State Marketing Federation,KRIBHCO,KRIBHCO Import,Imported 15-15-15,13.0,2024-01-11,
200,Maharashtra,Nashik,211565,The Maharashtra Agro Industrie,WHOLESALER,State Marketing Federation,KRIBHCO,KRIBHCO Import,Imported 20-20-0-13,5.0,2024-01-11,
201,Maharashtra,Nashik,211565,The Maharashtra Agro Industrie,WHOLESALER,State Marketing Federation,KRIBHCO,KRIBHCO Import,Imported Neem Coated Urea(45 Kg),12.15,2024-01-11,
202,Maharashtra,Nashik,223797,Vasundhara Ferts & Seeds Pvt L,WHOLESALER,Private Wholsaler,KRIBHCO,KRIBHCO Hazira,Neem Coated Urea(45 Kg),37.735,2024-01-11,
203,Maharashtra,Nashik,223797,Vasundhara Ferts & Seeds Pvt L,WHOLESALER,Private Wholsaler,KRIBHCO,KRIBHCO Import,Imported Neem Coated Urea(45 Kg),4.95,2024-01-11,
204,Maharashtra,Nashik,223797,Vasundhara Ferts & Seeds Pvt L,WHOLESALER,Private Wholsaler,KRIBHCO,KRIBHCO Import,Imported 12-32-16,5.4,2024-01-11,
205,Maharashtra,Nashik,223797,Vasundhara Ferts & Seeds Pvt L,WHOLESALER,Private Wholsaler,KRIBHCO,KRIBHCO Import,Imported 20-20-0-13,20.0,2024-01-11,
206,Maharashtra,Nashik,223797,Vasundhara Ferts & Seeds Pvt L,WHOLESALER,Private Wholsaler,KRIBHCO,KRIBHCO Import,Imported 10-26-26,20.0,2024-01-11,
207,Maharashtra,Nashik,223797,Vasundhara Ferts & Seeds Pvt L,WHOLESALER,Private Wholsaler,KRIBHCO,KRIBHCO Import,Imported DAP,12.95,2024-01-11,
208,Maharashtra,Palghar,347740,Ankur Krushi Seva Kendra,WHOLESALER,Private Wholsaler,KRIBHCO,KRIBHCO Import,Imported 10-26-26,10.0,2024-01-11,
209,Maharashtra,Palghar,224608,Yogi seeds and Agro Center,WHOLESALER,Private Wholsaler,KRIBHCO,KRIBHCO Import,Imported 10-26-26,11.75,2024-01-11,
210,Maharashtra,Parbhani,211732,M.A.I.D.C. Ltd,WHOLESALER,PACS,KRIBHCO,KRIBHCO Import,Imported MAP,3.0,2024-01-11,
211,Maharashtra,Parbhani,607487,The Vidarbha Co-Op Marketing F,WHOLESALER,Private Wholsaler,KRIBHCO,KRIBHCO Import,Imported 20-20-0-13,19.0,2024-01-11,
212,Maharashtra,Pune,333400,Ambegaon Tq Shetimal Prakriya ,WHOLESALER,PACS,KRIBHCO,KRIBHCO Import,Imported 10-26-26,10.0,2024-01-11,
213,Maharashtra,Pune,298438,Anant Bhajipala Va Shetimal Ss,WHOLESALER,PACS,KRIBHCO,KRIBHCO Hazira,Neem Coated Urea(45 Kg),118.8,2024-01-11,
214,Maharashtra,Pune,223911,Anup & Company,WHOLESALER,Private Wholsaler,KRIBHCO,KRIBHCO Hazira,Neem Coated Urea(45 Kg),25.2,2024-01-11,
215,Maharashtra,Pune,255406,Baramati Tal.Sah.K.V.Sangh Ltd,WHOLESALER,PACS,KRIBHCO,KRIBHCO Import,Imported DAP,7.0,2024-01-11,
216,Maharashtra,Pune,680085,SANSKRUTI K S K,WHOLESALER,Private Wholsaler,KRIBHCO,KRIBHCO Hazira,Neem Coated Urea(45 Kg),39.6,2024-01-11,
217,Maharashtra,Pune,311168,Shivshakti Sheti Sahakar,WHOLESALER,Private Wholsaler,KRIBHCO,KRIBHCO Import,Imported MAP,4.5,2024-01-11,
218,Maharashtra,Pune,679991,Shri Dattakrupa Krishi Bhandar,WHOLESALER,Private Wholsaler,KRIBHCO,KRIBHCO Hazira,Neem Coated Urea(45 Kg),39.075,2024-01-11,
219,Maharashtra,Pune,679991,Shri Dattakrupa Krishi Bhandar,WHOLESALER,Private Wholsaler,KRIBHCO,KRIBHCO Import,Imported 10-26-26,3.0,2024-01-11,
220,Maharashtra,Pune,679991,Shri Dattakrupa Krishi Bhandar,WHOLESALER,Private Wholsaler,KRIBHCO,KRIBHCO Import,Imported MAP,10.0,2024-01-11,
221,Maharashtra,Pune,329399,Vikas Agro Agencies,WHOLESALER,Private Wholsaler,KRIBHCO,KRIBHCO Import,Imported MAP,10.0,2024-01-11,
222,Maharashtra,Pune,255458,Vikas Agro Ag (Jun),WHOLESALER,Private Wholsaler,KRIBHCO,KRIBHCO Import,Imported MAP,4.75,2024-01-11,
223,Maharashtra,Pune,298444,Vinod Fertiliser,WHOLESALER,Private Wholsaler,KRIBHCO,KRIBHCO Import,Imported MAP,4.5,2024-01-11,
224,Maharashtra,Pune,336243,Vishal Fertilisers,WHOLESALER,Private Wholsaler,KRIBHCO,KRIBHCO Hazira,Neem Coated Urea(45 Kg),18.675,2024-01-11,
225,Maharashtra,Pune,255399,Vishalkrishi Seva Kendra,WHOLESALER,Private Wholsaler,KRIBHCO,KRIBHCO Import,Imported MAP,4.75,2024-01-11,
226,Maharashtra,Ratnagiri,587323,PARSEWAR SEEDS & FERT.  SANGLI,WHOLESALER,Private Wholsaler,KRIBHCO,KRIBHCO Import,Imported 10-26-26,2.0,2024-01-11,
227,Maharashtra,Sangli,630830,KRUSHNA GODAVARI KBBUVVSS LTD,WHOLESALER,Private Wholsaler,KRIBHCO,KRIBHCO Hazira,Neem Coated Urea(45 Kg),16.02,2024-01-11,
228,Maharashtra,Sangli,630830,KRUSHNA GODAVARI KBBUVVSS LTD,WHOLESALER,Private Wholsaler,KRIBHCO,KRIBHCO Import,Imported 10-26-26,34.0,2024-01-11,
229,Maharashtra,Sangli,630830,KRUSHNA GODAVARI KBBUVVSS LTD,WHOLESALER,Private Wholsaler,KRIBHCO,KRIBHCO Import,Imported 12-32-16,18.0,2024-01-11,
230,Maharashtra,Sangli,630830,KRUSHNA GODAVARI KBBUVVSS LTD,WHOLESALER,Private Wholsaler,KRIBHCO,KRIBHCO Import,Imported 15-15-15,0.45,2024-01-11,
231,Maharashtra,Sangli,224056,Raj Agro Agency.,WHOLESALER,State Marketing Federation,KRIBHCO,KRIBHCO Hazira,Neem Coated Urea(45 Kg),7.425,2024-01-11,
232,Maharashtra,Sangli,224056,Raj Agro Agency.,WHOLESALER,State Marketing Federation,KRIBHCO,KRIBHCO Import,Imported 15-15-15,0.75,2024-01-11,
233,Maharashtra,Sangli,272348,Sahyyadri Sah.Kharedi.Vikri.Sa,WHOLESALER,PACS,KRIBHCO,KRIBHCO Hazira,Neem Coated Urea(45 Kg),0.005,2024-01-11,
234,Maharashtra,Sangli,272348,Sahyyadri Sah.Kharedi.Vikri.Sa,WHOLESALER,PACS,KRIBHCO,KRIBHCO Import,Imported 15-15-15,6.75,2024-01-11,
235,Maharashtra,Sangli,339693,Sai Agrotech Sales & Services ,WHOLESALER,Private Wholsaler,KRIBHCO,KRIBHCO Hazira,Neem Coated Urea(45 Kg),2.79,2024-01-11,
236,Maharashtra,Sangli,1260001,SHRI DATT AGRO SALES AND SERVI,WHOLESALER,Private Wholsaler,KRIBHCO,KRIBHCO Hazira,Neem Coated Urea(45 Kg),2.025,2024-01-11,
237,Maharashtra,Sangli,272353,Shri Ganapati Zilla Krishi Ao,WHOLESALER,PACS,KRIBHCO,KRIBHCO Hazira,Neem Coated Urea(45 Kg),12.06,2024-01-11,
238,Maharashtra,Sangli,224058,Shri Neminath Krishi Seva Kend,WHOLESALER,State Marketing Federation,KRIBHCO,KRIBHCO Hazira,Neem Coated Urea(45 Kg),0.825,2024-01-11,
239,Maharashtra,Sangli,1254772,SWARAJ AGRO AGENCY LINGNUR,WHOLESALER,Private Wholsaler,KRIBHCO,KRIBHCO Hazira,Neem Coated Urea(45 Kg),1.0,2024-01-11,
240,Maharashtra,Sangli,259250,Varana Vally S.K.V.S,WHOLESALER,PACS,KRIBHCO,KRIBHCO Import,Imported 15-15-15,2.95,2024-01-11,
241,Maharashtra,Sangli,257381,Walva Taluka Shetkari Sah  Pha,WHOLESALER,PACS,KRIBHCO,KRIBHCO Import,Imported 15-15-15,0.1,2024-01-11,
242,Maharashtra,Satara,195156,Agro Hightech  Koregoan,WHOLESALER,Private Wholsaler,KRIBHCO,KRIBHCO Hazira,Neem Coated Urea(45 Kg),88.01,2024-01-11,
243,Maharashtra,Satara,195156,Agro Hightech  Koregoan,WHOLESALER,Private Wholsaler,KRIBHCO,KRIBHCO Import,Imported DAP,1.1,2024-01-11,
244,Maharashtra,Satara,195156,Agro Hightech  Koregoan,WHOLESALER,Private Wholsaler,KRIBHCO,KRIBHCO Import,Imported MAP,32.25,2024-01-11,
245,Maharashtra,Satara,195156,Agro Hightech  Koregoan,WHOLESALER,Private Wholsaler,KRIBHCO,KRIBHCO Import,Imported 10-26-26,4.05,2024-01-11,
246,Maharashtra,Satara,195164,Amit Super Market  Bhilar,WHOLESALER,Private Wholsaler,KRIBHCO,KRIBHCO Import,Imported MAP,0.5,2024-01-11,
247,Maharashtra,Satara,1179246,Chorge Brothers,WHOLESALER,Private Wholsaler,KRIBHCO,KRIBHCO Import,Imported DAP,5.0,2024-01-11,
248,Maharashtra,Satara,1179246,Chorge Brothers,WHOLESALER,Private Wholsaler,KRIBHCO,KRIBHCO Import,Imported 10-26-26,6.0,2024-01-11,
249,Maharashtra,Satara,532928,Dattakrupa Krushi Bhandar,WHOLESALER,Private Wholsaler,KRIBHCO,KRIBHCO Import,Imported MAP,2.95,2024-01-11,
250,Maharashtra,Satara,532928,Dattakrupa Krushi Bhandar,WHOLESALER,Private Wholsaler,KRIBHCO,KRIBHCO Import,Imported DAP,3.75,2024-01-11,
251,Maharashtra,Satara,195190,Ganeshfertilizers  Dahiwadi,WHOLESALER,Private Wholsaler,KRIBHCO,KRIBHCO Hazira,Neem Coated Urea(45 Kg),2.25,2024-01-11,
252,Maharashtra,Satara,195190,Ganeshfertilizers  Dahiwadi,WHOLESALER,Private Wholsaler,KRIBHCO,KRIBHCO Import,Imported 12-32-16,11.5,2024-01-11,
253,Maharashtra,Satara,195190,Ganeshfertilizers  Dahiwadi,WHOLESALER,Private Wholsaler,KRIBHCO,KRIBHCO Import,Imported DAP,5.0,2024-01-11,
254,Maharashtra,Satara,195190,Ganeshfertilizers  Dahiwadi,WHOLESALER,Private Wholsaler,KRIBHCO,KRIBHCO Import,Imported MAP,5.75,2024-01-11,
255,Maharashtra,Satara,1265666,Harsh Fertilizers,WHOLESALER,Private Wholsaler,KRIBHCO,KRIBHCO Import,Imported MAP,3.0,2024-01-11,
256,Maharashtra,Satara,1265666,Harsh Fertilizers,WHOLESALER,Private Wholsaler,KRIBHCO,KRIBHCO Import,Imported 10-26-26,2.5,2024-01-11,
257,Maharashtra,Satara,195206,Karad Taluka Skv Sangh Ltd  Um,WHOLESALER,District Cooperative Marketing Society,KRIBHCO,KRIBHCO Import,Imported MAP,4.0,2024-01-11,
258,Maharashtra,Satara,527461,Kisan Agro Mart,WHOLESALER,Private Wholsaler,KRIBHCO,KRIBHCO Import,Imported MAP,0.5,2024-01-11,
259,Maharashtra,Satara,195216,Krishna Godavari Kbbu Sanstha ,WHOLESALER,PACS,KRIBHCO,KRIBHCO Hazira,Neem Coated Urea(45 Kg),51.75,2024-01-11,
260,Maharashtra,Satara,195216,Krishna Godavari Kbbu Sanstha ,WHOLESALER,PACS,KRIBHCO,KRIBHCO Import,Imported MAP,6.0,2024-01-11,
261,Maharashtra,Satara,195216,Krishna Godavari Kbbu Sanstha ,WHOLESALER,PACS,KRIBHCO,KRIBHCO Import,Imported 10-26-26,6.0,2024-01-11,
262,Maharashtra,Satara,195216,Krishna Godavari Kbbu Sanstha ,WHOLESALER,PACS,KRIBHCO,KRIBHCO Import,Imported DAP,3.0,2024-01-11,
263,Maharashtra,Satara,698313,MAHALAXMI AGRO SERVICES,WHOLESALER,Private Wholsaler,KRIBHCO,KRIBHCO Import,Imported 10-26-26,1.0,2024-01-11,
264,Maharashtra,Satara,195228,Maharashtra Agro Industries De,WHOLESALER,District Cooperative Marketing Society,KRIBHCO,KRIBHCO Import,Imported MAP,4.0,2024-01-11,
265,Maharashtra,Satara,195228,Maharashtra Agro Industries De,WHOLESALER,District Cooperative Marketing Society,KRIBHCO,KRIBHCO Import,Imported 10-26-26,6.0,2024-01-11,
266,Maharashtra,Satara,195236,Mhaswadkar Agencies  Satara.,WHOLESALER,Private Wholsaler,KRIBHCO,KRIBHCO Import,Imported MAP,9.0,2024-01-11,
267,Maharashtra,Satara,1222433,More Fertilizers,WHOLESALER,Private Wholsaler,KRIBHCO,KRIBHCO Import,Imported MAP,4.0,2024-01-11,
268,Maharashtra,Satara,195242,Onkar Agro Agencies  Wathar Co,WHOLESALER,Private Wholsaler,KRIBHCO,KRIBHCO Import,Imported DAP,9.25,2024-01-11,
269,Maharashtra,Satara,1279846,Pandurang Krupa Krushi Udyog,WHOLESALER,Private Wholsaler,KRIBHCO,KRIBHCO Import,Imported 10-26-26,7.0,2024-01-11,
270,Maharashtra,Satara,1268947,Phaltan Krushi Udyog Samuh,WHOLESALER,Private Wholsaler,KRIBHCO,KRIBHCO Hazira,Neem Coated Urea(45 Kg),17.55,2024-01-11,
271,Maharashtra,Satara,496607,Sahyadri Mahila K.U.B.S.Ltd,WHOLESALER,PACS,KRIBHCO,KRIBHCO Hazira,Neem Coated Urea(45 Kg),0.045,2024-01-11,
272,Maharashtra,Satara,496607,Sahyadri Mahila K.U.B.S.Ltd,WHOLESALER,PACS,KRIBHCO,KRIBHCO Import,Imported DAP,5.0,2024-01-11,
273,Maharashtra,Satara,496607,Sahyadri Mahila K.U.B.S.Ltd,WHOLESALER,PACS,KRIBHCO,KRIBHCO Import,Imported MAP,11.5,2024-01-11,
274,Maharashtra,Satara,507808,Saibel Krishi Seva Kendra,WHOLESALER,Private Wholsaler,KRIBHCO,KRIBHCO Import,Imported MAP,6.5,2024-01-11,
275,Maharashtra,Satara,679895,SARVODAYA KRUSHI SEVA KENDRA,WHOLESALER,Private Wholsaler,KRIBHCO,KRIBHCO Hazira,Neem Coated Urea(45 Kg),19.8,2024-01-11,
276,Maharashtra,Satara,679895,SARVODAYA KRUSHI SEVA KENDRA,WHOLESALER,Private Wholsaler,KRIBHCO,KRIBHCO Import,Imported MAP,7.0,2024-01-11,
277,Maharashtra,Satara,679895,SARVODAYA KRUSHI SEVA KENDRA,WHOLESALER,Private Wholsaler,KRIBHCO,KRIBHCO Import,Imported 10-26-26,1.55,2024-01-11,
278,Maharashtra,Satara,876649,SHREE AGRO CROP SCIENCES PVT L,WHOLESALER,Private Wholsaler,KRIBHCO,KRIBHCO Hazira,Neem Coated Urea(45 Kg),221.92,2024-01-11,
279,Maharashtra,Satara,876649,SHREE AGRO CROP SCIENCES PVT L,WHOLESALER,Private Wholsaler,KRIBHCO,KRIBHCO Import,Imported Neem Coated Urea(45 Kg),16.695,2024-01-11,
280,Maharashtra,Satara,876649,SHREE AGRO CROP SCIENCES PVT L,WHOLESALER,Private Wholsaler,KRIBHCO,KRIBHCO Import,Imported DAP,77.95,2024-01-11,
281,Maharashtra,Satara,195298,Shri Bahubali Trading Company,WHOLESALER,Private Wholsaler,KRIBHCO,KRIBHCO Hazira,Neem Coated Urea(45 Kg),18.0,2024-01-11,
282,Maharashtra,Satara,195298,Shri Bahubali Trading Company,WHOLESALER,Private Wholsaler,KRIBHCO,KRIBHCO Import,Imported MAP,7.0,2024-01-11,
283,Maharashtra,Satara,195298,Shri Bahubali Trading Company,WHOLESALER,Private Wholsaler,KRIBHCO,KRIBHCO Import,Imported 12-32-16,4.0,2024-01-11,
284,Maharashtra,Satara,212410,Varsha Traders Satara,WHOLESALER,Private Wholsaler,KRIBHCO,KRIBHCO Import,Imported MAP,0.9,2024-01-11,
285,Maharashtra,Satara,195328,Yadav Fertilizers And Chemical,WHOLESALER,Private Wholsaler,KRIBHCO,KRIBHCO Import,Imported MAP,1.25,2024-01-11,
286,Maharashtra,Satara,195328,Yadav Fertilizers And Chemical,WHOLESALER,Private Wholsaler,KRIBHCO,KRIBHCO Import,Imported 15-15-15,6.25,2024-01-11,
287,Maharashtra,Solapur,310807,Anup Fertilizer ,WHOLESALER,Private Wholsaler,KRIBHCO,KRIBHCO Hazira,Neem Coated Urea(45 Kg),8.64,2024-01-11,
288,Maharashtra,Solapur,310807,Anup Fertilizer ,WHOLESALER,Private Wholsaler,KRIBHCO,KRIBHCO Import,Imported 15-15-15,7.0,2024-01-11,
289,Maharashtra,Solapur,589129,Baliraja Krishi Kendra,WHOLESALER,Private Wholsaler,KRIBHCO,KRIBHCO Hazira,Neem Coated Urea(45 Kg),20.25,2024-01-11,
290,Maharashtra,Solapur,375831,Bhainath Krishi Seva Kendra,WHOLESALER,Private Wholsaler,KRIBHCO,KRIBHCO Hazira,Neem Coated Urea(45 Kg),106.2,2024-01-11,
291,Maharashtra,Solapur,375831,Bhainath Krishi Seva Kendra,WHOLESALER,Private Wholsaler,KRIBHCO,KRIBHCO Import,Imported MAP,10.0,2024-01-11,
292,Maharashtra,Solapur,375831,Bhainath Krishi Seva Kendra,WHOLESALER,Private Wholsaler,KRIBHCO,KRIBHCO Import,Imported 10-26-26,30.0,2024-01-11,
293,Maharashtra,Solapur,1305082,GREEN AGREVOLUTION PVT LTD ,WHOLESALER,Private Wholsaler,KRIBHCO,KRIBHCO Import,Imported 10-26-26,12.0,2024-01-11,
294,Maharashtra,Solapur,310929,Jijamata Krishi Kendra,WHOLESALER,Private Wholsaler,KRIBHCO,KRIBHCO Import,Imported 15-15-15,5.0,2024-01-11,
295,Maharashtra,Solapur,1147097,Kisan krushi Keandra Tembhurni,WHOLESALER,Private Wholsaler,KRIBHCO,KRIBHCO Hazira,Neem Coated Urea(45 Kg),16.065,2024-01-11,
296,Maharashtra,Solapur,620998,KRUSHA GODAVARI KBBUVVSS.LTD,WHOLESALER,Private Wholsaler,KRIBHCO,KRIBHCO Hazira,Neem Coated Urea(45 Kg),69.795,2024-01-11,
297,Maharashtra,Solapur,620998,KRUSHA GODAVARI KBBUVVSS.LTD,WHOLESALER,Private Wholsaler,KRIBHCO,KRIBHCO Import,Imported 20-20-0-13,7.55,2024-01-11,
298,Maharashtra,Solapur,620998,KRUSHA GODAVARI KBBUVVSS.LTD,WHOLESALER,Private Wholsaler,KRIBHCO,KRIBHCO Import,Imported 10-26-26,48.35,2024-01-11,
299,Maharashtra,Solapur,310996,Manikraj Trading Company,WHOLESALER,District Cooperative Marketing Society,KRIBHCO,KRIBHCO Hazira,Neem Coated Urea(45 Kg),27.45,2024-01-11,
300,Maharashtra,Solapur,310996,Manikraj Trading Company,WHOLESALER,District Cooperative Marketing Society,KRIBHCO,KRIBHCO Import,Imported MAP,8.5,2024-01-11,
301,Maharashtra,Solapur,310996,Manikraj Trading Company,WHOLESALER,District Cooperative Marketing Society,KRIBHCO,KRIBHCO Import,Imported 15-15-15,5.0,2024-01-11,
302,Maharashtra,Solapur,310996,Manikraj Trading Company,WHOLESALER,District Cooperative Marketing Society,KRIBHCO,KRIBHCO Import,Imported 10-26-26,9.15,2024-01-11,
303,Maharashtra,Solapur,324664,Motichand Ramchand Gandhi,WHOLESALER,Private Wholsaler,KRIBHCO,KRIBHCO Hazira,Neem Coated Urea(45 Kg),20.25,2024-01-11,
304,Maharashtra,Solapur,324666,M/S Fulchand Ramchand Gandhi,WHOLESALER,Private Wholsaler,KRIBHCO,KRIBHCO Hazira,Neem Coated Urea(45 Kg),19.35,2024-01-11,
305,Maharashtra,Solapur,741523,Ms. R B Mane Agro Services,WHOLESALER,Private Wholsaler,KRIBHCO,KRIBHCO Hazira,Neem Coated Urea(45 Kg),115.695,2024-01-11,
306,Maharashtra,Solapur,741523,Ms. R B Mane Agro Services,WHOLESALER,Private Wholsaler,KRIBHCO,KRIBHCO Import,Imported 15-15-15,17.3,2024-01-11,
307,Maharashtra,Solapur,741523,Ms. R B Mane Agro Services,WHOLESALER,Private Wholsaler,KRIBHCO,KRIBHCO Import,Imported MAP,5.0,2024-01-11,
308,Maharashtra,Solapur,311081,Parmeshwar Krushi Kendra,WHOLESALER,Private Wholsaler,KRIBHCO,KRIBHCO Hazira,Neem Coated Urea(45 Kg),20.25,2024-01-11,
309,Maharashtra,Solapur,311086,Phade Trading Company,WHOLESALER,District Cooperative Marketing Society,KRIBHCO,KRIBHCO Hazira,Neem Coated Urea(45 Kg),30.0,2024-01-11,
310,Maharashtra,Solapur,311086,Phade Trading Company,WHOLESALER,District Cooperative Marketing Society,KRIBHCO,KRIBHCO Import,Imported Neem Coated Urea(45 Kg),8.0,2024-01-11,
311,Maharashtra,Solapur,311086,Phade Trading Company,WHOLESALER,District Cooperative Marketing Society,KRIBHCO,KRIBHCO Import,Imported 10-26-26,9.0,2024-01-11,
312,Maharashtra,Solapur,311086,Phade Trading Company,WHOLESALER,District Cooperative Marketing Society,KRIBHCO,KRIBHCO Import,Imported 15-15-15,5.0,2024-01-11,
313,Maharashtra,Solapur,311086,Phade Trading Company,WHOLESALER,District Cooperative Marketing Society,KRIBHCO,KRIBHCO Import,Imported 20-20-0-13,10.0,2024-01-11,
314,Maharashtra,Solapur,311086,Phade Trading Company,WHOLESALER,District Cooperative Marketing Society,KRIBHCO,KRIBHCO Import,Imported MAP,9.0,2024-01-11,
315,Maharashtra,Solapur,311086,Phade Trading Company,WHOLESALER,District Cooperative Marketing Society,KRIBHCO,KRIBHCO Import,Imported 12-32-16,5.0,2024-01-11,
316,Maharashtra,Solapur,311107,Rahul Krushi Kendra Mohol,WHOLESALER,Private Wholsaler,KRIBHCO,KRIBHCO Hazira,Neem Coated Urea(45 Kg),0.2,2024-01-11,
317,Maharashtra,Solapur,311115,Ramchand Jaychand Gandhi,WHOLESALER,Private Wholsaler,KRIBHCO,KRIBHCO Hazira,Neem Coated Urea(45 Kg),7.605,2024-01-11,
318,Maharashtra,Solapur,311231,Trimurti Krushi Kendra Kamti  ,WHOLESALER,Private Wholsaler,KRIBHCO,KRIBHCO Import,Imported Neem Coated Urea(45 Kg),0.225,2024-01-11,
319,Maharashtra,Wardha,293715,Maidc Wardha ,WHOLESALER,State Marketing Federation,KRIBHCO,KRIBHCO Hazira,Neem Coated Urea(45 Kg),0.81,2024-01-11,
320,Maharashtra,Wardha,293715,Maidc Wardha ,WHOLESALER,State Marketing Federation,KRIBHCO,KRIBHCO Import,Imported Neem Coated Urea(45 Kg),4.95,2024-01-11,
321,Maharashtra,Wardha,293715,Maidc Wardha ,WHOLESALER,State Marketing Federation,KRIBHCO,KRIBHCO Import,Imported DAP,0.65,2024-01-11,
322,Maharashtra,Wardha,293716,Markfed,WHOLESALER,State Marketing Federation,KRIBHCO,KRIBHCO Hazira,Neem Coated Urea(45 Kg),94.05,2024-01-11,
323,Maharashtra,Wardha,214515,Padmawar Agro Agencies ,WHOLESALER,Private Wholsaler,KRIBHCO,KRIBHCO Hazira,Neem Coated Urea(45 Kg),10.395,2024-01-11,
324,Maharashtra,Wardha,214515,Padmawar Agro Agencies ,WHOLESALER,Private Wholsaler,KRIBHCO,KRIBHCO Import,Imported MAP,84.5,2024-01-11,
325,Maharashtra,Wardha,293718,Ramdeo Traders ,WHOLESALER,Private Wholsaler,KRIBHCO,KRIBHCO Import,Imported 10-26-26,46.45,2024-01-11,
326,Maharashtra,Wardha,293718,Ramdeo Traders ,WHOLESALER,Private Wholsaler,KRIBHCO,KRIBHCO Import,Imported MAP,56.9,2024-01-11,
327,Maharashtra,Wardha,293718,Ramdeo Traders ,WHOLESALER,Private Wholsaler,KRIBHCO,KRIBHCO Import,Imported DAP,5.05,2024-01-11,
328,Maharashtra,Wardha,293721,Shrinath Traders,WHOLESALER,Private Wholsaler,KRIBHCO,KRIBHCO Hazira,Neem Coated Urea(45 Kg),14.2,2024-01-11,
329,Maharashtra,Wardha,293721,Shrinath Traders,WHOLESALER,Private Wholsaler,KRIBHCO,KRIBHCO Import,Imported DAP,29.85,2024-01-11,
330,Maharashtra,Wardha,1229319,SRI BALAJI FARMERS WELFARE A.S,WHOLESALER,Private Wholsaler,KRIBHCO,KRIBHCO Hazira,Neem Coated Urea(45 Kg),17.6,2024-01-11,
331,Maharashtra,Wardha,1229319,SRI BALAJI FARMERS WELFARE A.S,WHOLESALER,Private Wholsaler,KRIBHCO,KRIBHCO Import,Imported 20-20-0-13,5.0,2024-01-11,
332,Maharashtra,Wardha,1229319,SRI BALAJI FARMERS WELFARE A.S,WHOLESALER,Private Wholsaler,KRIBHCO,KRIBHCO Import,Imported MAP,13.0,2024-01-11,
333,Maharashtra,Wardha,1229319,SRI BALAJI FARMERS WELFARE A.S,WHOLESALER,Private Wholsaler,KRIBHCO,KRIBHCO Import,Imported 10-26-26,1.7,2024-01-11,
334,Maharashtra,Wardha,215065,V.C.M.F. Wardha ,WHOLESALER,District Cooperative Marketing Society,KRIBHCO,KRIBHCO Hazira,Neem Coated Urea(45 Kg),0.585,2024-01-11,
335,Maharashtra,Wardha,215065,V.C.M.F. Wardha ,WHOLESALER,District Cooperative Marketing Society,KRIBHCO,KRIBHCO Import,Imported DAP,1.65,2024-01-11,
336,Maharashtra,Yavatmal,276988,ANUP AGENCIES MAHAGAON,WHOLESALER,Private Wholsaler,KRIBHCO,KRIBHCO Hazira,Neem Coated Urea(45 Kg),19.35,2024-01-11,
337,Maharashtra,Yavatmal,206239,Atharv Agro Agencies Pusad,WHOLESALER,Private Wholsaler,KRIBHCO,KRIBHCO Import,Imported MAP,4.0,2024-01-11,
338,Maharashtra,Yavatmal,269895,Jain Krushi Kendra Umarkhed,WHOLESALER,Private Wholsaler,KRIBHCO,KRIBHCO Hazira,Neem Coated Urea(45 Kg),0.135,2024-01-11,
339,Maharashtra,Yavatmal,600514,JAYKANT A.A. WANI,WHOLESALER,Private Wholsaler,KRIBHCO,KRIBHCO Hazira,Neem Coated Urea(45 Kg),0.005,2024-01-11,
340,Maharashtra,Yavatmal,293753,Kiran Krishi Kendra Pusad ,WHOLESALER,Private Wholsaler,KRIBHCO,KRIBHCO Hazira,Neem Coated Urea(45 Kg),19.8,2024-01-11,
341,Maharashtra,Yavatmal,293753,Kiran Krishi Kendra Pusad ,WHOLESALER,Private Wholsaler,KRIBHCO,KRIBHCO Import,Imported MAP,30.0,2024-01-11,
342,Maharashtra,Yavatmal,293753,Kiran Krishi Kendra Pusad ,WHOLESALER,Private Wholsaler,KRIBHCO,KRIBHCO Import,Imported Neem Coated Urea(45 Kg),30.465,2024-01-11,
343,Maharashtra,Yavatmal,1176001,NILAWAR KRUSHI KENDRA ,WHOLESALER,Private Wholsaler,KRIBHCO,KRIBHCO Import,Imported MAP,3.0,2024-01-11,
344,Maharashtra,Yavatmal,529735,Om Agro Pusad,WHOLESALER,Private Wholsaler,KRIBHCO,KRIBHCO Import,Imported 20-20-0-13,1.0,2024-01-11,
345,Maharashtra,Yavatmal,206295,Om Agro  Yavatmal,WHOLESALER,Private Wholsaler,KRIBHCO,KRIBHCO Hazira,Neem Coated Urea(45 Kg),6.6,2024-01-11,
346,Maharashtra,Yavatmal,206299,Parag Agro Agencies,WHOLESALER,Private Wholsaler,KRIBHCO,KRIBHCO Import,Imported MAP,5.0,2024-01-11,
347,Maharashtra,Yavatmal,206299,Parag Agro Agencies,WHOLESALER,Private Wholsaler,KRIBHCO,KRIBHCO Import,Imported DAP,14.0,2024-01-11,
348,Maharashtra,Yavatmal,206311,Rajendra Agencies Pusad ,WHOLESALER,Private Wholsaler,KRIBHCO,KRIBHCO Hazira,Neem Coated Urea(45 Kg),39.645,2024-01-11,
349,Maharashtra,Yavatmal,1329102,SHETKARI K.K. DIGRAS,WHOLESALER,Private Wholsaler,KRIBHCO,KRIBHCO Hazira,Neem Coated Urea(45 Kg),25.02,2024-01-11,
350,Maharashtra,Yavatmal,1329102,SHETKARI K.K. DIGRAS,WHOLESALER,Private Wholsaler,KRIBHCO,KRIBHCO Import,Imported 20-20-0-13,15.0,2024-01-11,
351,Maharashtra,Yavatmal,695843,Shirake Agro Yavatmal,WHOLESALER,Private Wholsaler,KRIBHCO,KRIBHCO Hazira,Neem Coated Urea(45 Kg),9.0,2024-01-11,
352,Maharashtra,Yavatmal,695843,Shirake Agro Yavatmal,WHOLESALER,Private Wholsaler,KRIBHCO,KRIBHCO Import,Imported DAP,12.0,2024-01-11,
353,Maharashtra,Yavatmal,298803,Shivam Agro Agencies Pusad,WHOLESALER,Private Wholsaler,KRIBHCO,KRIBHCO Hazira,Neem Coated Urea(45 Kg),42.885,2024-01-11,
354,Maharashtra,Yavatmal,298803,Shivam Agro Agencies Pusad,WHOLESALER,Private Wholsaler,KRIBHCO,KRIBHCO Import,Imported 15-15-15,11.0,2024-01-11,
355,Maharashtra,Yavatmal,298803,Shivam Agro Agencies Pusad,WHOLESALER,Private Wholsaler,KRIBHCO,KRIBHCO Import,Imported MAP,38.0,2024-01-11,
356,Maharashtra,Yavatmal,1229321,SRI BALAJI FARMERS WELFARE A.S,WHOLESALER,Private Wholsaler,KRIBHCO,KRIBHCO Hazira,Neem Coated Urea(45 Kg),32.265,2024-01-11,
357,Maharashtra,Yavatmal,1229321,SRI BALAJI FARMERS WELFARE A.S,WHOLESALER,Private Wholsaler,KRIBHCO,KRIBHCO Import,Imported MAP,36.0,2024-01-11,
358,Maharashtra,Yavatmal,1235251,SUNANDA FERTILIZERS,WHOLESALER,Private Wholsaler,KRIBHCO,KRIBHCO Hazira,Neem Coated Urea(45 Kg),19.08,2024-01-11,
359,Maharashtra,Yavatmal,1235251,SUNANDA FERTILIZERS,WHOLESALER,Private Wholsaler,KRIBHCO,KRIBHCO Import,Imported 10-26-26,7.0,2024-01-11,
360,Maharashtra,Yavatmal,1235251,SUNANDA FERTILIZERS,WHOLESALER,Private Wholsaler,KRIBHCO,KRIBHCO Import,Imported MAP,5.0,2024-01-11,
361,Maharashtra,Yavatmal,557755,UDAY AGRO YAVATMAL,WHOLESALER,Private Wholsaler,KRIBHCO,KRIBHCO Hazira,Neem Coated Urea(45 Kg),30.15,2024-01-11,
362,Maharashtra,Yavatmal,557755,UDAY AGRO YAVATMAL,WHOLESALER,Private Wholsaler,KRIBHCO,KRIBHCO Import,Imported MAP,15.0,2024-01-11,
